place,nametype,type_of_meteorite,g_mass,fell_found,year,id,latitude,longitude
Aachen,Valid,L5,21,Fell,1880,1,50.775000,6.083330
Aarhus,Valid,H6,720,Fell,1951,2,56.183330,10.233330
Abee,Valid,EH4,107000,Fell,1952,6,54.216670,-113.000000
Acapulco,Valid,Acapulcoite,1914,Fell,1976,10,16.883330,-99.900000
Achiras,Valid,L6,780,Fell,1902,370,-33.166670,-64.950000
Adhi Kot,Valid,EH4,4239,Fell,1919,379,32.100000,71.800000
Adzhi-Bogdo (stone),Valid,LL3-6,910,Fell,1949,390,44.833330,95.166670
Agen,Valid,H5,30000,Fell,1814,392,44.216670,0.616670
Aguada,Valid,L6,1620,Fell,1930,398,-31.600000,-65.233330
Aguila Blanca,Valid,L,1440,Fell,1920,417,-30.866670,-64.550000
Aioun el Atrouss,Valid,Diogenite-pm,1000,Fell,1974,423,16.398060,-9.570280
Aïr,Valid,L6,24000,Fell,1925,424,19.083330,8.383330
Aire-sur-la-Lys,Valid,Unknown,,Fell,1769,425,50.666670,2.333330
Akaba,Valid,L6,779,Fell,1949,426,29.516670,35.050000
Akbarpur,Valid,H4,1800,Fell,1838,427,29.716670,77.950000
Akwanga,Valid,H,3000,Fell,1959,432,8.916670,8.433330
Akyumak,Valid,"Iron, IVA",50000,Fell,1981,433,39.916670,42.816670
Al Rais,Valid,CR2-an,160,Fell,1957,446,24.416670,39.516670
Al Zarnkh,Valid,LL5,700,Fell,2001,447,13.660330,28.960000
Alais,Valid,CI1,6000,Fell,1806,448,44.116670,4.083330
Albareto,Valid,L/LL4,2000,Fell,1766,453,44.650000,11.016670
Alberta,Valid,L,625,Fell,1949,454,2.000000,22.666670
Alby sur Chéran,Valid,Eucrite-mmict,252,Fell,2002,458,45.821330,6.015330
Aldsworth,Valid,LL5,700,Fell,1835,461,51.783330,-1.783330
Aleppo,Valid,L6,3200,Fell,1873,462,36.233330,37.133330
Alessandria,Valid,H5,908,Fell,1860,463,44.883330,8.750000
Alexandrovsky,Valid,H4,9251,Fell,1900,465,50.950000,31.816670
Alfianello,Valid,L6,228000,Fell,1883,466,45.266670,10.150000
Allegan,Valid,H5,32000,Fell,1899,2276,42.533330,-85.883330
Allende,Valid,CV3,2e+06,Fell,1969,2278,26.966670,-105.316670
Almahata Sitta,Valid,Ureilite-an,3950,Fell,2008,48915,20.745750,32.412750
Alta'ameem,Valid,LL5,6000,Fell,1977,2284,35.273330,44.215560
Ambapur Nagla,Valid,H5,6400,Fell,1895,2290,27.666670,78.250000
Andhara,Valid,Stone-uncl,2700,Fell,1880,2294,26.583330,85.566670
Andover,Valid,L6,3200,Fell,1898,2295,44.616670,-70.750000
Andreevka,Valid,L3,600,Fell,1969,2296,48.700000,37.500000
Andura,Valid,H6,17900,Fell,1939,2298,20.883330,76.866670
Angers,Valid,L6,,Fell,1822,2301,47.466670,-0.550000
Angra dos Reis (stone),Valid,Angrite,1500,Fell,1869,2302,-22.966670,-44.316670
Ankober,Valid,H4,6500,Fell,1942,2304,9.533330,39.716670
Anlong,Valid,H5,2500,Fell,1971,2305,25.150000,105.183330
Aomori,Valid,L6,320,Fell,1984,2313,40.810560,140.785560
Appley Bridge,Valid,LL6,15000,Fell,1914,2318,53.583330,-2.716670
Apt,Valid,L6,3200,Fell,1803,2320,43.866670,5.383330
Arbol Solo,Valid,H5,810,Fell,1954,2325,-33.000000,-66.000000
Archie,Valid,H6,5070,Fell,1932,2329,38.500000,-94.300000
Arroyo Aguiar,Valid,H5,7450,Fell,1950,2340,-31.416670,-60.666670
Asco,Valid,H6,41,Fell,1805,2345,42.450000,9.033330
Ash Creek,Valid,L6,9500,Fell,2009,48954,31.805000,-97.010000
Ashdon,Valid,L6,1300,Fell,1923,2346,52.050000,0.300000
Assisi,Valid,H5,2000,Fell,1886,2353,43.033330,12.550000
Atarra,Valid,L4,1280,Fell,1920,4883,25.254170,80.625000
Atemajac,Valid,L6,94.2,Fell,1896,4884,20.066670,-103.666670
Athens,Valid,LL6,265,Fell,1933,4885,34.750000,-87.000000
Atoka,Valid,L6,1384.2,Fell,1945,4888,34.316670,-96.150000
Aubres,Valid,Aubrite,800,Fell,1836,4893,44.383330,5.166670
Aumale,Valid,L6,50000,Fell,1865,4899,36.166670,3.666670
Aumieres,Valid,L6,2000,Fell,1842,4900,44.333330,3.233330
Ausson,Valid,L5,50000,Fell,1858,4903,43.083330,0.583330
Avanhandava,Valid,H4,9330,Fell,1952,4905,-21.460280,-49.950830
Avce,Valid,"Iron, IIAB",1230,Fell,1908,4906,46.000000,13.500000
Avilez,Valid,H,146,Fell,1855,4907,25.000000,-103.500000
Awere,Valid,L4,134,Fell,1968,4910,2.716670,32.833330
Aztec,Valid,L6,2830,Fell,1938,4913,36.800000,-108.000000
Bachmut,Valid,L6,18000,Fell,1814,4917,48.600000,38.000000
Bahjoi,Valid,"Iron, IAB-sLL",10322,Fell,1934,4922,28.483330,78.500000
Bald Mountain,Valid,L4,3700,Fell,1929,4925,35.966670,-82.483330
Baldwyn,Valid,L6,345,Fell,1922,4926,34.500000,-88.666670
Bali,Valid,CV3,1000,Fell,1907,4928,5.383330,16.383330
Ban Rong Du,Valid,"Iron, ungrouped",16700,Fell,1993,4934,16.666670,101.183330
Bandong,Valid,LL6,11500,Fell,1871,4935,-6.916670,107.600000
Bansur,Valid,L6,15000,Fell,1892,4936,27.700000,76.333330
Banswal,Valid,L5,14,Fell,1913,4937,30.400000,78.200000
Banten,Valid,CM2,629,Fell,1933,4938,-6.333330,106.000000
Barbotan,Valid,H5,6400,Fell,1790,4942,43.950000,-0.050000
Barcelona (stone),Valid,OC,,Fell,1704,4944,41.366670,2.166670
Barea,Valid,Mesosiderite-A1,3200,Fell,1842,4946,42.383330,-2.500000
Barnaul,Valid,H5,23.2,Fell,1904,4947,52.733330,84.083330
Barntrup,Valid,LL4,17,Fell,1886,4948,52.000000,9.100000
Baroti,Valid,L6,4500,Fell,1910,4949,31.616670,76.800000
Barwell,Valid,L5,44000,Fell,1965,4954,52.565280,-1.339720
Bassikounou,Valid,H5,29560,Fell,2006,44876,15.783330,-5.900000
Baszkówka,Valid,L5,15500,Fell,1994,4957,52.033330,20.935830
Bath,Valid,H4,21000,Fell,1892,4974,45.416670,-98.316670
Bath Furnace,Valid,L6,86000,Fell,1902,4975,38.250000,-83.750000
Battle Mountain,Valid,L6,2900,Fell,2012,56133,40.668130,-117.189130
Bawku,Valid,LL5,1557,Fell,1989,4976,11.083330,-0.183330
Baxter,Valid,L6,611,Fell,1916,4977,36.750000,-93.500000
Beardsley,Valid,H5,16000,Fell,1929,4984,39.800000,-101.200000
Beaver Creek,Valid,H5,14000,Fell,1893,4986,51.166670,-117.333330
Beddgelert,Valid,H5,794,Fell,1949,4993,53.016670,-4.100000
Bells,Valid,C2-ung,375,Fell,1961,5005,33.600000,-96.466670
Belville,Valid,OC,,Fell,1937,5009,-32.333330,-64.866670
Benares (a),Valid,LL4,3700,Fell,1798,5011,25.366670,82.916670
Benguerir,Valid,LL6,25000,Fell,2004,30443,32.250000,-8.150000
Beni M'hira,Valid,L6,19000,Fell,2001,5018,32.866670,10.800000
Benld,Valid,H6,1770.5,Fell,1938,5021,39.083330,-89.150000
Benoni,Valid,H6,3880,Fell,1943,5023,-26.166670,28.416670
Bensour,Valid,LL6,45000,Fell,2002,5024,30.000000,-7.000000
Benton,Valid,LL6,2840,Fell,1949,5026,45.950000,-67.550000
Berduc,Valid,L6,270,Fell,2008,48975,-31.910000,-58.328330
Béréba,Valid,Eucrite-mmict,18000,Fell,1924,5028,11.650000,-3.650000
Berlanguillas,Valid,L6,1440,Fell,1811,5029,41.683330,-3.800000
Berthoud,Valid,Eucrite-mmict,960,Fell,2004,47355,40.305830,-105.023250
Bethlehem,Valid,H,13.9,Fell,1859,5032,42.533330,-73.833330
Beuste,Valid,L5,2000,Fell,1859,5034,43.216670,-0.233330
Beyrout,Valid,LL3.8,1100,Fell,1921,5035,33.883330,35.500000
Bhagur,Valid,L6,18,Fell,1877,5037,20.883330,74.833330
Bhawad,Valid,LL6,678,Fell,2002,36591,26.508330,73.115280
Bherai,Valid,L6,100,Fell,1893,5039,20.833330,71.466670
Bhola,Valid,LL3-6,1047,Fell,1940,5040,22.683330,90.650000
Bholghati,Valid,Howardite,2500,Fell,1905,5041,22.083330,86.900000
Bialystok,Valid,Eucrite-pmict,4000,Fell,1827,5042,53.100000,23.200000
Bielokrynitschie,Valid,H4,1900,Fell,1887,5043,50.133330,27.166670
Bilanga,Valid,Diogenite,25000,Fell,1999,5045,12.450000,-0.083330
Binningup,Valid,H5,488.1,Fell,1984,5051,-33.156390,115.676390
Birni N'konni,Valid,H4,560,Fell,1923,5056,13.766670,5.300000
Bishopville,Valid,Aubrite,6000,Fell,1843,5059,34.166670,-80.283330
Bishunpur,Valid,LL3.15,1039,Fell,1895,5060,25.383330,82.600000
Bjelaja Zerkov,Valid,H6,1850,Fell,1796,5063,49.783330,30.166670
Bjurböle,Valid,L/LL4,330000,Fell,1899,5064,60.400000,25.800000
Black Moshannan Park,Valid,L5,705,Fell,1941,5065,40.916670,-78.083330
Blackwell,Valid,L5,2381,Fell,1906,5068,36.833330,-97.333330
Blanket,Valid,L6,5100,Fell,1909,5071,31.833330,-98.833330
Blansko,Valid,H6,470,Fell,1833,5072,49.366670,16.633330
Bloomington,Valid,LL6,67.8,Fell,1938,5076,40.480000,-89.004170
Bo Xian,Valid,LL3.9,7500,Fell,1977,5090,33.833330,115.833330
Bocas,Valid,L6,56,Fell,1804,5093,23.000000,-102.000000
Bogou,Valid,"Iron, IAB-MG",8800,Fell,1962,5097,12.500000,0.700000
Boguslavka,Valid,"Iron, IIAB",256000,Fell,1916,5098,44.550000,131.633330
Borgo San Donino,Valid,LL6,1676,Fell,1808,5110,44.866670,10.050000
Bori,Valid,L6,8600,Fell,1894,5111,21.950000,78.033330
Boriskino,Valid,CM2,1342,Fell,1930,5112,54.233330,52.483330
Borkut,Valid,L5,7000,Fell,1852,5113,48.150000,24.283330
Borodino,Valid,H5,500,Fell,1812,5114,55.466670,35.866670
Botschetschki,Valid,L4,614,Fell,1823,5117,51.333330,33.883330
Boumdeid (2003),Valid,L6,190,Fell,2003,57168,17.710670,-11.371500
Boumdeid (2011),Valid,L6,3599,Fell,2011,57167,17.174930,-11.341330
Bovedy,Valid,L3,5460,Fell,1969,5121,54.566670,-6.333330
Bradford Woods,Valid,L,762,Fell,1886,5128,40.500000,-80.083330
Braunau,Valid,"Iron, IIAB",39000,Fell,1847,5133,50.600000,16.300000
Breitscheid,Valid,H5,1500,Fell,1956,5134,50.666940,8.183610
Bremervörde,Valid,H/L3.9,7250,Fell,1855,5135,53.400000,9.100000
Brient,Valid,Eucrite-pmict,219,Fell,1933,5140,52.133330,59.316670
Bruderheim,Valid,L6,303000,Fell,1960,5156,53.900000,-112.883330
Bukhara,Valid,CV3,5300,Fell,2001,30448,39.779780,64.600350
Bulls Run,Valid,Iron?,2250,Fell,1964,5163,,
Bunburra Rockhole,Valid,Eucrite,324,Fell,2007,48653,-31.350000,129.190000
Bununu,Valid,Howardite,357,Fell,1942,5165,10.016670,9.583330
Bur-Gheluai,Valid,H5,120000,Fell,1919,5169,5.000000,48.000000
Burnwell,Valid,H4-an,1504,Fell,1990,5175,37.621940,-82.237220
Bursa,Valid,L6,25000,Fell,1946,5177,40.200000,29.233330
Buschhof,Valid,L6,5000,Fell,1863,5178,46.450000,25.783330
Bustee,Valid,Aubrite,1500,Fell,1852,5181,26.783330,82.833330
Butsura,Valid,H6,29000,Fell,1861,5183,27.083330,84.083330
Buzzard Coulee,Valid,H4,41000,Fell,2008,48654,52.996000,-109.848170
Cabezo de Mayo,Valid,L/LL6,25000,Fell,1870,5185,37.983330,-1.166670
Cabin Creek,Valid,"Iron, IIIAB",48500,Fell,1886,5186,35.500000,-93.500000
Cacak,Valid,OC,212,Fell,1919,5187,43.838890,20.333330
Cali,Valid,H/L4,478,Fell,2007,45976,3.405000,-76.510000
Calivo,Valid,Stone-uncl,2400,Fell,1916,5200,11.750000,122.333330
Campos Sales,Valid,L5,23680,Fell,1991,5249,-7.033330,-40.166670
Çanakkale,Valid,L6,4000,Fell,1964,5250,39.800000,26.600000
Cañellas,Valid,H4,945,Fell,1861,5251,41.250000,1.666670
Cangas de Onis,Valid,H5,34000,Fell,1866,5252,43.383330,-5.150000
Canon City,Valid,H6,1400,Fell,1973,5253,38.470280,-105.241390
Cape Girardeau,Valid,H6,2300,Fell,1846,5260,37.266670,-89.583330
Capilla del Monte,Valid,H6,750,Fell,1934,5264,-30.883330,-64.550000
Carancas,Valid,H4-5,342,Fell,2007,45817,-16.664440,-69.043890
Caratash,Valid,LL6,8,Fell,1902,5265,38.500000,27.000000
Castalia,Valid,H5,7300,Fell,1874,5291,36.083330,-78.066670
Castel Berardenga,Valid,Stone-uncl,,Fell,1791,5292,43.350000,11.500000
Castine,Valid,L6,94,Fell,1848,5293,44.383330,-68.750000
Castrovillari,Valid,Stone-uncl,15000,Fell,1583,5295,39.800000,16.200000
Caswell County,Valid,OC,1360,Fell,1810,5296,36.500000,-79.250000
Ceniceros,Valid,L3.7,1025,Fell,1988,5306,26.466670,-105.233330
Centerville,Valid,H5,45.6,Fell,1956,5307,43.200000,-96.916670
Cereseto,Valid,H5,6460,Fell,1840,5308,45.083330,8.300000
Chadong,Valid,L6,3700,Fell,1998,5313,28.533330,109.316670
Chail,Valid,H6,0.5,Fell,1814,5314,25.366670,81.666670
Chainpur,Valid,LL3.4,8200,Fell,1907,5315,25.850000,83.483330
Chajari,Valid,L5,18300,Fell,1933,5316,-30.783330,-58.050000
Chandakapur,Valid,L5,8800,Fell,1838,5320,20.266670,76.016670
Chandpur,Valid,L6,1100,Fell,1885,5321,27.283330,79.050000
Changde,Valid,H5,1810,Fell,1977,5322,29.083330,111.750000
Chantonnay,Valid,L6,31500,Fell,1812,5325,46.683330,1.050000
Charlotte,Valid,"Iron, IVA",4300,Fell,1835,5328,36.166670,-87.333330
Charsonville,Valid,H6,27000,Fell,1810,5329,47.933330,1.566670
Charwallas,Valid,H6,12000,Fell,1834,5330,29.483330,75.500000
Chassigny,Valid,Martian (chassignite),4000,Fell,1815,5331,47.716670,5.366670
Château-Renard,Valid,L6,30000,Fell,1841,5332,47.933330,2.916670
Chaves,Valid,Howardite,2945,Fell,1925,5334,41.933330,-7.466670
Chela,Valid,H4,2936,Fell,1988,5338,-3.666670,32.500000
Chelyabinsk,Valid,LL5,100000,Fell,2013,57165,54.816670,61.116670
Chergach ,Valid,H5,100000,Fell,2007,47347,23.696390,-5.014720
Chernyi Bor,Valid,H4,6000,Fell,1964,5339,53.700000,30.100000
Cherokee Springs,Valid,LL6,8400,Fell,1933,5340,35.033330,-81.883330
Chervettaz,Valid,L5,705,Fell,1901,5341,46.550000,6.816670
Chervony Kut,Valid,Eucrite-mmict,1700,Fell,1939,5342,50.833330,34.000000
Chetrinahatti,Valid,Stone-uncl,72,Fell,1880,5344,14.500000,76.500000
Chiang Khan,Valid,H6,367,Fell,1981,5345,17.900000,101.633330
Chicora,Valid,LL6,303,Fell,1938,5349,40.933330,-79.733330
Chisenga,Valid,"Iron, IIIAB",3920,Fell,1988,5355,-10.059440,33.395000
Chitado,Valid,L6,,Fell,1966,5356,-17.350000,13.966670
Chitenay,Valid,L6,4000,Fell,1978,5357,47.470830,0.976670
Cilimus,Valid,L5,1600,Fell,1979,5364,-6.950000,108.100000
Claxton,Valid,L6,1455,Fell,1984,5374,32.102500,-81.872780
Clohars,Valid,L4,48.6,Fell,1822,5383,,
Colby (Wisconsin),Valid,L6,104000,Fell,1917,5395,44.900000,-90.283330
Cold Bokkeveld,Valid,CM2,5200,Fell,1838,5397,-33.133330,19.383330
Coleman,Valid,L6,469,Fell,1994,5401,43.761110,-84.507780
Collescipoli,Valid,H5,5000,Fell,1890,5403,42.533330,12.616670
Conquista,Valid,H4,20350,Fell,1965,5418,-19.850000,-47.550000
Cosina,Valid,H5,1200,Fell,1844,5451,21.166670,-100.866670
Cranganore,Valid,L6,1460,Fell,1917,5465,10.200000,76.266670
Crescent,Valid,CM2,78.4,Fell,1936,5470,35.950000,-97.583330
Cronstad,Valid,H5,3650,Fell,1877,5474,-27.700000,27.300000
Cross Roads,Valid,H5,167,Fell,1892,5476,35.633330,-78.133330
Crumlin,Valid,L5,4255,Fell,1902,5477,54.616670,-6.216670
Cumberland Falls,Valid,Aubrite,17000,Fell,1919,5496,36.833330,-84.350000
Cynthiana,Valid,L/LL4,6000,Fell,1877,5500,38.400000,-84.250000
Dahmani,Valid,LL6,18000,Fell,1981,5504,35.616670,8.833330
Dandapur,Valid,L6,5650,Fell,1878,5511,26.916670,83.966670
Daniel's Kuil,Valid,EL6,1064,Fell,1868,5513,-28.200000,24.566670
Danville,Valid,L6,2000,Fell,1868,5514,34.400000,-87.066670
Darmstadt,Valid,H5,100,Fell,1804,6603,49.866670,8.650000
Dashoguz,Valid,H5,7000,Fell,1998,6604,41.984440,59.685000
Daule,Valid,L5,6580,Fell,2008,51559,-1.870890,-79.957560
De Cewsville,Valid,H6,340,Fell,1887,6621,43.000000,-80.000000
Deal,Valid,L6,28,Fell,1829,6634,40.250000,-74.000000
Delhi,Valid,L5,0.8,Fell,1897,6642,28.566670,77.250000
Demina,Valid,L6,16400,Fell,1911,6649,51.466670,84.766670
Denver,Valid,L6,230,Fell,1967,6660,39.782500,-104.930560
Dergaon,Valid,H5,12500,Fell,2001,6664,26.683330,93.866670
Desuri,Valid,H6,25400,Fell,1962,6693,25.733330,73.616670
Devgaon,Valid,H3.8,12000,Fell,2001,6694,19.000000,81.000000
Devri-Khera,Valid,L6,1140,Fell,1994,6696,24.225000,76.525000
Dhajala,Valid,H3.8,45000,Fell,1976,6698,22.377780,71.427220
Dharwar,Valid,OC,1800,Fell,1848,6699,14.883330,75.600000
Dhurmsala,Valid,LL6,32000,Fell,1860,7640,32.233330,76.466670
Didim,Valid,H3-5,3396,Fell,2007,47350,37.351720,27.329970
Diep River,Valid,L6,1000,Fell,1906,7642,-33.750000,18.566670
Distrito Quebracho,Valid,H4,400,Fell,1957,7649,-31.883330,-60.466670
Djati-Pengilon,Valid,H6,166000,Fell,1884,7652,-7.500000,111.500000
Djermaia,Valid,H,3950,Fell,1961,7656,12.733330,15.050000
Djoumine,Valid,H5-6,10000,Fell,1999,7657,36.950000,9.550000
Dokachi,Valid,H5,3840,Fell,1903,7658,23.500000,90.333330
Dolgovoli,Valid,L6,1600,Fell,1864,7659,50.750000,25.300000
Domanitch,Valid,L5,438,Fell,1907,7661,40.000000,29.000000
Dong Ujimqin Qi,Valid,Mesosiderite,128800,Fell,1995,7706,45.500000,119.033330
Donga Kohrod,Valid,H6,230,Fell,1899,7707,21.866670,82.450000
Dongtai,Valid,LL6,5500,Fell,1970,7708,32.916670,120.783330
Doroninsk,Valid,H5-7,3891,Fell,1805,7718,51.200000,112.300000
Dosso,Valid,L6,1250,Fell,1962,7722,13.050000,3.166670
Douar Mghila,Valid,LL6,1161,Fell,1932,7723,32.333330,-6.300000
Dowa,Valid,Stone-uncl,642,Fell,1976,7725,-13.666670,33.916670
Drake Creek,Valid,L6,5000,Fell,1827,7728,36.400000,-86.500000
Dresden (Ontario),Valid,H6,47700,Fell,1939,7731,42.520000,-82.260000
Dubrovnik,Valid,L3-6,1900,Fell,1951,7736,42.458330,18.441670
Dunbogan,Valid,L6,30,Fell,1999,7743,-31.666670,152.833330
Dundrum,Valid,H5,2270,Fell,1865,7745,52.550000,-8.033330
Dunhua,Valid,Stone-uncl,,Fell,1976,7749,43.333330,128.250000
Durala,Valid,L6,13200,Fell,1815,7750,30.300000,76.633330
Duruma,Valid,L6,577,Fell,1853,7752,-4.000000,39.500000
Duwun,Valid,L6,2117,Fell,1943,7754,33.433330,127.266670
Dwaleni,Valid,H4-6,3230,Fell,1970,7755,-27.200000,31.316670
Dyalpur,Valid,Ureilite,300,Fell,1872,7757,26.250000,82.000000
Dyarrl Island,Valid,Mesosiderite-A1,188,Fell,1933,7758,-3.000000,151.000000
Eagle,Valid,EL6,10000,Fell,1947,7760,40.781670,-96.471670
Ehole,Valid,H5,2400,Fell,1961,7774,-17.300000,15.833330
Eichstädt,Valid,H5,3000,Fell,1785,7775,48.900000,11.216670
Ekeby,Valid,H4,3336,Fell,1939,7776,56.033330,13.000000
Ekh Khera,Valid,H6,840,Fell,1916,7777,28.266670,78.783330
El Idrissia,Valid,L6,10000,Fell,1989,7807,34.416670,3.250000
El Paso de Aguila,Valid,H5,17226,Fell,1977,45977,25.370000,-97.370000
El Tigre,Valid,L6,5000,Fell,1993,7819,19.967220,-103.051670
Elbert,Valid,LL6,680.5,Fell,1998,7822,39.246670,-104.588170
Elbogen,Valid,"Iron, IID",107000,Fell,1400,7823,50.183330,12.733330
Elenovka,Valid,L5,54640,Fell,1951,7824,47.833330,37.666670
Ellemeet,Valid,Diogenite,1470,Fell,1925,10019,51.750000,4.000000
Emmaville,Valid,Eucrite-mmict,127,Fell,1900,10033,-29.466670,151.616670
Enshi,Valid,H5,8000,Fell,1974,10038,30.300000,109.500000
Ensisheim,Valid,LL6,127000,Fell,1492,10039,47.866670,7.350000
Épinal,Valid,H5,277,Fell,1822,10041,48.183330,6.466670
Erakot,Valid,CM2,113,Fell,1940,10042,19.033330,81.891670
Erevan,Valid,Howardite,107.2,Fell,1911,10043,40.300000,44.500000
Ergheo,Valid,L5,20000,Fell,1889,10044,1.166670,44.166670
Erxleben,Valid,H6,2250,Fell,1812,10049,52.216670,11.250000
Esnandes,Valid,L6,1500,Fell,1837,10051,46.250000,-1.100000
Essebi,Valid,C2-ung,500,Fell,1957,10055,2.883330,30.833330
Estherville,Valid,Mesosiderite-A3/4,320000,Fell,1879,10059,43.416670,-94.833330
Farmington,Valid,L5,89400,Fell,1890,10074,39.750000,-97.033330
Farmville,Valid,H4,56000,Fell,1934,10075,35.550000,-77.533330
Favars,Valid,H5,1500,Fell,1844,10078,44.383330,2.816670
Fayetteville,Valid,H4,2360,Fell,1934,10079,36.050000,-94.166670
Feid Chair,Valid,H4,380,Fell,1875,10080,36.883330,8.450000
Felix,Valid,CO3.3,3200,Fell,1900,10081,32.533330,-87.166670
Fenghsien-Ku,Valid,H5,82,Fell,1924,10086,34.600000,116.750000
Ferguson,Valid,OC,220,Fell,1889,10088,36.100000,-81.416670
Fermo,Valid,H3-5,10200,Fell,1996,10091,43.181110,13.753330
Fisher,Valid,L6,17600,Fell,1894,10107,47.816670,-96.850000
Florence,Valid,H3,3640,Fell,1922,10111,30.833330,-97.766670
Forest City,Valid,H5,152000,Fell,1890,10119,43.250000,-93.666670
Forest Vale,Valid,H4,26000,Fell,1942,10120,-33.350000,146.858330
Forksville,Valid,L6,6067,Fell,1924,10123,36.783330,-78.083330
Forsbach,Valid,H6,240,Fell,1900,10163,50.950000,7.316670
Forsyth,Valid,L6,16300,Fell,1829,10164,33.016670,-83.966670
Fort Flatters,Valid,Stone-uncl,,Fell,1944,10166,28.250000,7.000000
Frankfort (stone),Valid,Howardite,650,Fell,1868,10177,34.483330,-87.833330
Fuhe,Valid,L5,23000,Fell,1945,52412,31.475560,113.566940
Fukutomi,Valid,L5,11620,Fell,1882,10836,33.183330,130.200000
Fünen,Valid,Stone-uncl,,Fell,1654,10838,55.333330,10.333330
Futtehpur,Valid,L6,4000,Fell,1822,10839,25.950000,80.816670
Fuyang,Valid,Stone-uncl,2500,Fell,1977,10840,32.900000,115.900000
Galapian,Valid,H6,132.7,Fell,1826,10846,44.300000,0.400000
Galim (a),Valid,LL6,36.1,Fell,1952,10848,7.050000,12.433330
Galim (b),Valid,EH3/4-an,28,Fell,1952,10849,7.050000,12.433330
Galkiv,Valid,H4,5000,Fell,1995,10850,51.683330,30.783330
Gambat,Valid,L6,6400,Fell,1897,10851,27.350000,68.533330
Gao-Guenie,Valid,H5,,Fell,1960,10854,11.650000,-2.183330
Garhi Yasin,Valid,"Iron, IIE",380,Fell,1917,10860,27.883330,68.533330
Garland,Valid,Diogenite-pm,102,Fell,1950,10861,41.683330,-112.133330
Gashua,Valid,L6,4162,Fell,1984,44882,12.850000,11.033330
Gasseltepaoua,Valid,H5,,Fell,2000,10866,14.150830,-2.041670
Geidam,Valid,H5,725,Fell,1950,10870,12.916670,11.916670
Gifu,Valid,L6,14290,Fell,1909,10914,35.533330,136.883330
Girgenti,Valid,L6,18000,Fell,1853,10917,37.316670,13.566670
Git-Git,Valid,L6,480,Fell,1947,10919,9.600000,9.916670
Glanerbrug,Valid,L/LL5,670,Fell,1990,10923,52.200000,6.866670
Glanggang,Valid,H5-6,1303,Fell,1939,10924,-7.250000,107.700000
Glasatovo,Valid,H4,152000,Fell,1918,10926,57.350000,37.616670
Glatton,Valid,L6,767,Fell,1991,10930,52.459720,-0.300000
Gnadenfrei,Valid,H5,1750,Fell,1879,10936,50.666670,16.766670
Gopalpur,Valid,H6,1600,Fell,1865,10948,24.233330,89.050000
Gorlovka,Valid,H3.7,3618,Fell,1974,10949,48.283330,38.083330
Granes,Valid,L6,9000,Fell,1964,10956,42.900000,2.250000
Grefsheim,Valid,L5,45.5,Fell,1976,11196,60.666670,11.000000
Grimsby,Valid,H5,215,Fell,2009,50911,43.200000,-79.616670
Grosnaja,Valid,CV3,3500,Fell,1861,11206,43.666670,45.383330
Gross-Divina,Valid,H5,10500,Fell,1837,11207,49.266670,18.716670
Grossliebenthal,Valid,L6,8000,Fell,1881,11208,46.350000,30.583330
Grüneberg,Valid,H4,1000,Fell,1841,11426,51.933330,15.500000
Grzempach,Valid,H5,690,Fell,1910,11429,52.866670,16.633330
Gualeguaychú,Valid,H6,22000,Fell,1932,11432,-33.000000,-58.616670
Guangmingshan,Valid,H5,2910,Fell,1996,11435,39.804170,122.763890
Guangnan,Valid,L6,,Fell,1983,11436,24.100000,105.000000
Guangrao,Valid,L6,1900,Fell,1980,11437,37.100000,118.400000
Guareña,Valid,H6,39000,Fell,1892,11439,38.733330,-6.016670
Guêa,Valid,Stone-uncl,1915,Fell,1891,11440,43.766670,20.233330
Guibga,Valid,L5,288,Fell,1972,11442,13.500000,-0.683330
Guidder,Valid,LL5,968,Fell,1949,11443,9.916670,13.983330
Gujargaon,Valid,H5,2449,Fell,1982,11448,22.983330,76.050000
Gujba,Valid,CBa,100000,Fell,1984,11449,11.491670,11.658330
Gumoschnik,Valid,H5,5700,Fell,1904,11450,42.900000,24.700000
Gurram Konda,Valid,L6,28,Fell,1814,11464,13.783330,78.566670
Gursum,Valid,H4/5,34650,Fell,1981,11465,9.366670,42.416670
Gütersloh,Valid,H3/4,1000,Fell,1851,11466,51.916670,8.383330
Gyokukei,Valid,OC,1320,Fell,1930,11467,35.000000,127.500000
Hachi-oji,Valid,H?,0.2,Fell,1817,11468,35.650000,139.333330
Hainaut,Valid,H3-6,9000,Fell,1934,11472,50.316670,3.733330
Hallingeberg,Valid,L3.4,1456,Fell,1944,11479,57.816670,16.233330
Hamlet,Valid,LL4,3710,Fell,1959,11485,41.383330,-86.600000
Haraiya,Valid,Eucrite-mmict,1000,Fell,1878,11824,26.800000,82.533330
Haripura,Valid,CM2,315,Fell,1921,11829,28.383330,75.783330
Harleton,Valid,L6,8360,Fell,1961,11830,32.675000,-94.511670
Harrison County,Valid,L6,680,Fell,1859,11842,38.250000,-86.166670
Hashima,Valid,H4,1110.6,Fell,1910,11848,35.294500,136.700330
Hassi-Jekna,Valid,"Iron, IAB-sHL",1250,Fell,1890,11852,28.950000,0.816670
Hatford,Valid,Stone-uncl,29000,Fell,1628,11855,51.650000,-1.516670
Haverö,Valid,Ureilite,1544,Fell,1971,11859,60.245560,22.061940
Hedeskoga,Valid,H5,3500,Fell,1922,11869,55.466670,13.783330
Hedjaz,Valid,L3.7-6,6100,Fell,1910,11870,27.333330,35.666670
Heredia,Valid,H5,1000,Fell,1857,11875,10.000000,-84.100000
Hessle,Valid,H5,20000,Fell,1869,11878,59.850000,17.666670
Higashi-koen,Valid,H5,750,Fell,1897,11883,33.600000,130.433330
High Possil,Valid,L6,4500,Fell,1804,11884,55.900000,-4.233330
Hiroshima,Valid,H5,414,Fell,2003,11889,34.450000,132.383330
Hoima,Valid,H6,167.7,Fell,2003,44714,1.345000,31.472780
Hökmark,Valid,L4,305.5,Fell,1954,11893,64.433330,21.200000
Holbrook,Valid,L/LL6,220000,Fell,1912,11894,34.900000,-110.183330
Holetta,Valid,Stone-uncl,1415,Fell,1923,11895,9.066670,38.416670
Homestead,Valid,L5,230000,Fell,1875,11901,41.800000,-91.866670
Honolulu,Valid,L5,2420,Fell,1825,11904,21.300000,-157.866670
Hotse,Valid,L6,180,Fell,1956,11913,35.666670,115.500000
Hoxie,Valid,OC,266.1,Fell,1963,11915,39.350000,-100.450000
Hraschina,Valid,"Iron, IID",49000,Fell,1751,11916,46.100000,16.333330
Huaxi,Valid,H5,1600,Fell,2010,54719,26.464690,106.632410
Hungen,Valid,H6,112,Fell,1877,11986,50.300000,8.916670
Hvittis,Valid,EL6,14000,Fell,1901,11989,61.183330,22.683330
Ibbenbüren,Valid,Diogenite,2000,Fell,1870,11992,52.283330,7.700000
Ibitira,Valid,Eucrite-mmict,2500,Fell,1957,11993,-20.000000,-45.000000
Ibrisim,Valid,OC,,Fell,1949,11994,38.000000,35.000000
Ichkala,Valid,H6,3973,Fell,1936,11995,58.200000,82.933330
Idutywa,Valid,H5,3457,Fell,1956,12000,-32.100000,28.333330
Iguaracu,Valid,H5,1200,Fell,1977,12003,-23.200000,-51.833330
Ijopega,Valid,H6,7330,Fell,1975,12004,-6.033330,145.366670
Indarch,Valid,EH4,27000,Fell,1891,12027,39.750000,46.666670
Independence,Valid,L6,880,Fell,1917,12028,39.083330,-94.400000
Inner Mongolia,Valid,L6,3000,Fell,1963,12037,41.000000,112.000000
Innisfree,Valid,L5,4576,Fell,1977,12039,53.415000,-111.337500
Ipiranga,Valid,H6,7000,Fell,1972,12043,-25.500000,-54.500000
Ishinga,Valid,H,1300,Fell,1954,12049,-8.933330,33.800000
Isthilart,Valid,H5,3050,Fell,1928,12053,-31.183330,-57.950000
Itapicuru-Mirim,Valid,H5,2024,Fell,1879,12056,-3.400000,-44.333330
Itqiy,Valid,EH7-an,4720,Fell,1990,12058,26.590830,-12.952170
Ivuna,Valid,CI1,704.5,Fell,1938,12063,-8.416670,32.433330
Jackalsfontein,Valid,L6,48000,Fell,1903,12065,-32.500000,21.900000
Jajh deh Kot Lalu,Valid,EL6,973,Fell,1926,12067,26.750000,68.416670
Jalanash,Valid,Ureilite,700,Fell,1990,12068,,
Jalandhar,Valid,Iron,1967,Fell,1621,12069,31.000000,75.000000
Jamkheir,Valid,H6,22,Fell,1866,12072,18.750000,75.333330
Jartai,Valid,L6,20500,Fell,1979,12074,39.700000,105.800000
Jelica,Valid,LL6,34000,Fell,1889,12078,43.833330,20.441670
Jemlapur,Valid,L6,450,Fell,1901,12079,,
Jesenice,Valid,L6,3667,Fell,2009,51589,46.421370,14.052170
Jhung,Valid,L5,5900,Fell,1873,12085,31.300000,72.383330
Jiange,Valid,H5,222,Fell,1964,12086,31.916670,104.916670
Jianshi,Valid,"Iron, IIIAB",600000,Fell,1890,12087,30.808330,109.500000
Jilin,Valid,H5,4e+06,Fell,1976,12171,44.050000,126.166670
Jodiya,Valid,L5,100,Fell,2006,47362,22.680000,70.313330
Jodzie,Valid,Howardite,30,Fell,1877,12173,55.700000,24.400000
Johnstown,Valid,Diogenite,40300,Fell,1924,12198,40.350000,-104.900000
Jolomba,Valid,LL6,483,Fell,1974,12199,-11.850000,15.833330
Jonzac,Valid,Eucrite-mmict,5000,Fell,1819,12202,45.433330,-0.450000
Juancheng,Valid,H5,100000,Fell,1997,12203,35.500000,115.416670
Judesegeri,Valid,H6,680,Fell,1876,12207,12.850000,76.800000
Jumapalo,Valid,L6,32490,Fell,1984,12209,-7.716670,111.200000
Junan,Valid,L6,950,Fell,1976,12210,35.200000,118.800000
Juromenha,Valid,"Iron, IIIAB",25250,Fell,1968,12213,38.740280,-7.270000
Juvinas,Valid,Eucrite-mmict,91000,Fell,1821,12214,44.716670,4.300000
Kaba,Valid,CV3,3000,Fell,1857,12218,47.350000,21.300000
Kabo,Valid,H4,13400,Fell,1971,12220,11.850000,8.216670
Kadonah,Valid,H6,89,Fell,1822,12221,27.083330,78.333330
Kaee,Valid,H5,230,Fell,1838,12222,27.250000,79.966670
Kagarlyk,Valid,L6,1900,Fell,1908,12227,49.866670,30.833330
Kaidun,Valid,CR2,2000,Fell,1980,12228,15.000000,48.300000
Kainsaz,Valid,CO3.2,200000,Fell,1937,12229,55.433330,53.250000
Kakangari,Valid,K3,350,Fell,1890,12230,12.383330,78.516670
Kakowa,Valid,L6,577,Fell,1858,12231,45.133330,21.666670
Kalaba,Valid,H4,950,Fell,1951,12232,-6.833330,29.500000
Kalumbi,Valid,L6,4500,Fell,1879,12236,17.833330,73.983330
Kamalpur,Valid,L6,2770,Fell,1942,12238,26.033330,81.466670
Kamiomi,Valid,H5,448,Fell,1913,12240,36.041670,139.956670
Kamsagar,Valid,L6,1293,Fell,1902,12241,14.183330,75.800000
Kandahar (Afghanistan),Valid,L6,299,Fell,1959,12243,31.600000,65.783330
Kangean,Valid,H5,1630,Fell,1908,12245,-7.000000,115.500000
Kangra Valley,Valid,H5,400,Fell,1897,12246,32.083330,76.300000
Kapoeta,Valid,Howardite,11355,Fell,1942,12251,4.700000,33.633330
Kaprada,Valid,L5/6,1600,Fell,2004,47357,20.339160,73.223290
Kaptal-Aryk,Valid,L6,3500,Fell,1937,12253,42.450000,73.366670
Karakol,Valid,LL6,3000,Fell,1840,12256,47.216670,81.016670
Karatu,Valid,LL6,2220,Fell,1963,12258,-3.500000,35.583330
Karewar,Valid,L6,180,Fell,1949,12260,12.900000,7.150000
Karkh,Valid,L6,22000,Fell,1905,12262,27.800000,67.166670
Karloowala,Valid,L6,2950,Fell,1955,12263,31.583330,71.600000
Karoonda,Valid,CK4,41730,Fell,1930,12264,-35.083330,139.916670
Kasamatsu,Valid,H,710,Fell,1938,12266,35.366670,136.766670
Kasauli,Valid,H4,16820,Fell,2003,30740,29.583330,77.583330
Katagum,Valid,L6,1500,Fell,1999,35465,11.333330,10.083330
Kavarpura,Valid,"Iron, IIE-an",6800,Fell,2006,47351,25.143330,75.813330
Kayakent,Valid,"Iron, IIIAB",85000,Fell,1961,12268,39.263330,31.780000
Kediri,Valid,L4,3300,Fell,1940,12270,-7.750000,112.016670
Kemer,Valid,L4,5760,Fell,2008,53654,36.541940,29.418220
Kendleton,Valid,L4,6937,Fell,1939,12275,29.450000,-96.000000
Kendrapara,Valid,H4-5,6669.2,Fell,2003,12276,20.462500,86.702780
Kerilis,Valid,H5,5000,Fell,1874,12282,48.400000,-3.300000
Kernouve,Valid,H6,80000,Fell,1869,12284,48.116670,-3.083330
Kesen,Valid,H4,135000,Fell,1850,12286,38.983330,141.616670
Khairpur,Valid,EL6,13600,Fell,1873,12288,29.533330,72.300000
Khanpur,Valid,LL5,3698,Fell,1932,12289,25.550000,83.116670
Kharkov,Valid,L6,1500,Fell,1787,12291,50.625000,35.075000
Kheragur,Valid,L6,450,Fell,1860,12294,26.950000,77.883330
Khetri,Valid,H6,100,Fell,1867,12296,28.016670,75.816670
Khmelevka,Valid,L5,6109,Fell,1929,12297,56.750000,75.333330
Khohar,Valid,L3.6,9700,Fell,1910,12298,25.100000,81.533330
Khor Temiki,Valid,Aubrite,3200,Fell,1932,12299,16.000000,36.000000
Kidairat,Valid,H6,100000,Fell,1983,12300,14.000000,28.000000
Kiel,Valid,L6,737.6,Fell,1962,12301,54.400000,10.150000
Kiffa,Valid,H5,1500,Fell,1970,12303,16.583330,-11.333330
Kijima (1906),Valid,Stone-uncl,331,Fell,1906,12305,36.850000,138.383330
Kikino,Valid,H6,195,Fell,1809,12306,55.000000,34.000000
Kilabo,Valid,LL6,19000,Fell,2002,12307,12.766670,9.800000
Kilbourn,Valid,H5,772,Fell,1911,12308,43.583330,-89.600000
Killeter,Valid,H6,140,Fell,1844,12309,54.666670,-7.666670
Kingai,Valid,H6,67.4,Fell,1967,12316,11.633330,24.683330
Kirbyville,Valid,Eucrite-mmict,97.7,Fell,1906,12321,30.750000,-95.950000
Kisvarsány,Valid,L6,1550,Fell,1914,12325,48.166670,22.308330
Kitchener,Valid,L6,202.6,Fell,1998,12326,43.383330,-80.383330
Klein-Wenden,Valid,H6,3250,Fell,1843,12332,51.600000,10.800000
Knyahinya,Valid,L/LL5,500000,Fell,1866,12335,48.900000,22.400000
Kobe,Valid,CK4,136,Fell,1999,12336,34.733330,135.166670
Kokubunji,Valid,L6,11510,Fell,1986,12342,34.300000,133.950000
Komagome,Valid,Iron,238,Fell,1926,12343,35.733330,139.750000
Konovo,Valid,LL5,90,Fell,1931,12344,42.516670,26.166670
Košice,Valid,H5,4300,Fell,2010,53810,48.763670,21.176330
Krähenberg,Valid,LL5,16500,Fell,1869,12353,49.326940,7.464720
Krasnoi-Ugol,Valid,L6,2440,Fell,1829,12355,54.033330,40.900000
Krasnyi Klyuch,Valid,H5,4000,Fell,1946,12357,54.333330,56.083330
Krutikha,Valid,OC,845.2,Fell,1906,12363,56.800000,77.000000
Krymka,Valid,LL3.2,50000,Fell,1946,12364,47.833330,30.766670
Kukschin,Valid,L6,2250,Fell,1938,12368,51.150000,31.700000
Kulak,Valid,L5,453.6,Fell,1961,12369,30.731110,66.802220
Kuleschovka,Valid,L6,6000,Fell,1811,12370,50.750000,33.500000
Kulp,Valid,H6,3719,Fell,1906,12373,41.116670,45.000000
Kunashak,Valid,L6,200000,Fell,1949,12377,55.783330,61.366670
Kunya-Urgench,Valid,H5,1.1e+06,Fell,1998,12379,42.250000,59.200000
Kushiike,Valid,OC,4460,Fell,1920,12381,37.050000,138.383330
Kusiali,Valid,L6,5,Fell,1860,12382,29.683330,78.383330
Kutais,Valid,H5,23,Fell,1977,12383,44.516670,39.300000
Kuttippuram,Valid,L6,45000,Fell,1914,12384,10.833330,76.033330
Kuznetzovo,Valid,L6,4047,Fell,1932,12385,55.200000,75.333330
Kyushu,Valid,L6,45000,Fell,1886,12390,32.033330,130.633330
La Bécasse,Valid,L6,2800,Fell,1879,12392,47.083330,1.750000
La Charca,Valid,OC,399,Fell,1878,12394,20.666670,-101.283330
La Colina,Valid,H5,2000,Fell,1924,12395,-37.333330,-61.533330
La Criolla,Valid,L6,45000,Fell,1985,12396,-31.233330,-58.166670
Laborel,Valid,H5,3833,Fell,1871,12408,44.283330,5.583330
Lahrauli,Valid,Ureilite,900,Fell,1955,12433,26.783330,82.716670
L'Aigle,Valid,L6,37000,Fell,1803,12434,48.766670,0.633330
Lakangaon,Valid,Eucrite-mmict,212.5,Fell,1910,12435,21.866670,76.033330
Lalitpur,Valid,L6,372,Fell,1887,12451,24.450000,78.566670
Lancé,Valid,CO3.5,51700,Fell,1872,12455,47.700000,1.066670
Lancon,Valid,H6,7000,Fell,1897,12456,43.750000,5.116670
Långhalsen,Valid,L6,2300,Fell,1947,12461,58.850000,16.733330
Lanxi,Valid,L6,1282,Fell,1986,12464,46.241670,126.196110
Lanzenkirchen,Valid,L4,7000,Fell,1925,12465,47.750000,16.233330
Laochenzhen,Valid,H5,14250,Fell,1987,12466,33.133330,115.166670
Launton,Valid,L6,1060,Fell,1830,12740,51.900000,-1.116670
Lavrentievka,Valid,L6,800,Fell,1938,12743,52.450000,51.566670
Le Pressoir,Valid,H5,3000,Fell,1845,12748,47.166670,0.433330
Le Teilleul,Valid,Howardite,780,Fell,1845,12749,48.533330,-0.866670
Leedey,Valid,L6,51500,Fell,1943,12755,35.883330,-99.333330
Leeuwfontein,Valid,L6,460,Fell,1912,12756,-25.666670,28.366670
Leighlinbridge,Valid,L6,271.4,Fell,1999,12759,52.666670,-6.966670
Leighton,Valid,H5,877,Fell,1907,12760,34.583330,-87.500000
Leonovka,Valid,L6,700,Fell,1900,12765,52.266670,32.850000
Les Ormes,Valid,L6,125,Fell,1857,12769,48.350000,3.250000
Lesves,Valid,L6,2000,Fell,1896,12772,50.366670,4.733330
Lichtenberg,Valid,H6,4000,Fell,1973,14646,-26.150000,26.183330
Lillaverke,Valid,H5,6862,Fell,1930,14650,56.650000,15.866670
Limerick,Valid,H5,50000,Fell,1813,14652,52.566670,-8.783330
Linum,Valid,L6,1862,Fell,1854,14655,52.750000,12.900000
Lishui,Valid,L5,498,Fell,1978,14659,31.633330,118.983330
Lissa,Valid,L6,12800,Fell,1808,14661,50.200000,14.850000
Little Piney,Valid,L5,491,Fell,1839,14664,37.916670,-92.083330
Lixna,Valid,H4,5213,Fell,1820,14670,56.000000,26.433330
Lodran,Valid,Lodranite,1000,Fell,1868,14675,29.533330,71.800000
Lohawat,Valid,Howardite,40000,Fell,1994,14678,26.965560,72.626670
Lorton,Valid,L6,329.7,Fell,2010,52843,38.700660,-77.211630
Los Martinez,Valid,L6,25,Fell,1894,14708,38.000000,-0.833330
Lost City,Valid,H5,17000,Fell,1970,14711,36.008330,-95.150000
Louisville,Valid,L6,1300,Fell,1977,14716,38.250000,-85.750000
Łowicz,Valid,Mesosiderite-A3,59000,Fell,1935,14718,52.000000,19.916670
Lua,Valid,L5,9241,Fell,1926,14721,24.950000,75.150000
Lucé,Valid,L6,3500,Fell,1768,14724,47.850000,0.483330
Lumpkin,Valid,L6,340,Fell,1869,14753,32.033330,-84.766670
Lunan,Valid,H6,2520,Fell,1980,14754,24.800000,103.300000
Lundsgård,Valid,L6,11000,Fell,1889,14755,56.216670,13.033330
Luotolax,Valid,Howardite,885,Fell,1813,14756,61.200000,27.700000
Luponnas,Valid,H3-5,14000,Fell,1753,14757,46.216670,5.000000
Lusaka,Valid,Unknown,,Fell,1951,14759,-7.216670,29.433330
Mabwe-Khoywa,Valid,L5,540,Fell,1937,14764,19.000000,97.000000
Macau,Valid,H5,1500,Fell,1836,15370,-5.200000,-36.666670
Machinga,Valid,L6,93200,Fell,1981,15371,-15.212220,35.242220
Macibini,Valid,Eucrite-pmict,1995,Fell,1936,15372,-28.833330,31.950000
Madhipura,Valid,L,1000,Fell,1950,15379,25.916670,86.366670
Madiun,Valid,L6,400,Fell,1935,15380,-7.750000,111.533330
Madrid,Valid,L6,400,Fell,1896,15382,40.416670,-3.716670
Mafra,Valid,L3-4,600,Fell,1941,15383,-26.166670,-49.933330
Magnesia,Valid,"Iron, IAB-sHL",5000,Fell,1899,15386,37.866670,27.516670
Magombedze,Valid,H3-5,666.6,Fell,1990,15387,-19.483330,31.650000
Mahadevpur,Valid,H4/5,70500,Fell,2007,47361,27.666670,95.783330
Maigatari-Danduma,Valid,H5/6,4629,Fell,2004,30751,12.833330,9.383330
Malaga,Valid,OC,150,Fell,1933,15393,32.216670,-104.000000
Malakal,Valid,L5,2000,Fell,1970,15394,9.500000,31.750000
Malampaka,Valid,H,470,Fell,1930,15395,-3.133330,33.516670
Malotas,Valid,H5,,Fell,1931,15397,-28.933330,-63.233330
Malvern,Valid,Eucrite-pmict,807,Fell,1933,15400,-29.450000,26.766670
Mamra Springs,Valid,L6,1000,Fell,1927,15401,45.216670,62.083330
Manbhoom,Valid,LL6,1700,Fell,1863,15402,23.050000,86.700000
Manegaon,Valid,Diogenite,50,Fell,1843,15403,20.966670,76.100000
Mangwendi,Valid,LL6,22300,Fell,1934,15405,-17.650000,31.600000
Manych,Valid,LL3.4,3555,Fell,1951,15409,45.816670,44.633330
Mardan,Valid,H5,4500,Fell,1948,15414,34.233330,72.083330
Maria Linden,Valid,L4,114,Fell,1925,15418,,
Mariaville,Valid,Iron,340,Fell,1898,15419,42.716670,-99.383330
Maribo,Valid,CM2,25.81,Fell,2009,48973,54.761830,11.467450
Maridi,Valid,H6,3200,Fell,1941,15421,4.666670,29.250000
Marilia,Valid,H4,2500,Fell,1971,15422,-22.250000,-49.933330
Marion (Iowa),Valid,L6,28400,Fell,1847,15424,41.900000,-91.600000
Marjalahti,Valid,"Pallasite, PMG",45000,Fell,1902,15426,61.500000,30.500000
Marmande,Valid,L5,3000,Fell,1848,15429,44.500000,0.150000
Maromandia,Valid,L6,6000,Fell,2002,15430,-14.200000,48.100000
Maryville,Valid,L6,1443,Fell,1983,15436,35.800000,-84.100000
Mascombes,Valid,L6,1000,Fell,1836,15438,45.366670,1.866670
Mason Gully,Valid,H5,24.54,Fell,2010,53653,0.000000,0.000000
Mässing,Valid,Howardite,1600,Fell,1803,15443,48.133330,12.616670
Mauerkirchen,Valid,L6,19000,Fell,1768,15446,48.183330,13.133330
Mauritius,Valid,L6,220,Fell,1801,15447,-20.000000,57.000000
Mayo Belwa,Valid,Aubrite,4850,Fell,1974,15451,8.966670,12.083330
Mazapil,Valid,"Iron, IAB-sLL",4000,Fell,1885,15453,24.683330,-101.683330
Maziba,Valid,L6,4975,Fell,1942,15454,-1.216670,30.000000
Mbale,Valid,L5/6,150000,Fell,1992,15455,1.066670,34.166670
Medanitos,Valid,Eucrite-cm,31,Fell,1953,15467,-27.250000,-67.500000
Meerut,Valid,H5,22,Fell,1861,15469,29.016670,77.800000
Meester-Cornelis,Valid,H5,24750,Fell,1915,15470,-6.233330,106.883330
Menow,Valid,H4,10500,Fell,1862,15485,53.183330,13.150000
Menziswyl,Valid,L5,28.9,Fell,1903,15486,46.818670,7.218170
Mern,Valid,L6,4000,Fell,1878,15489,55.050000,12.066670
Meru,Valid,LL6,6000,Fell,1945,15491,0.000000,37.666670
Merua,Valid,H5,71400,Fell,1920,15492,25.483330,81.983330
Messina,Valid,L5,2405,Fell,1955,15495,38.183330,15.566670
Meuselbach,Valid,L6,870,Fell,1897,16626,50.583330,11.100000
Mezel,Valid,L6,1300,Fell,1949,16627,45.766670,3.250000
Mezö-Madaras,Valid,L3.7,22700,Fell,1852,16628,46.500000,25.733330
Mhow,Valid,L6,350,Fell,1827,16629,25.900000,83.616670
Mianchi,Valid,H5,1100,Fell,1980,16631,34.800000,111.700000
Middlesbrough,Valid,L6,1600,Fell,1881,16632,54.566670,-1.166670
Mifflin,Valid,L5,3584,Fell,2010,52090,42.907500,-90.365560
Mighei,Valid,CM2,8000,Fell,1889,16634,48.066670,30.966670
Mihonoseki,Valid,L6,6380,Fell,1992,16635,35.568330,133.220000
Mike,Valid,L6,224.2,Fell,1944,16636,46.233330,17.533330
Milena,Valid,L6,10000,Fell,1842,16640,46.183330,16.100000
Millbillillie,Valid,Eucrite-mmict,330000,Fell,1960,16643,-26.450000,120.366670
Miller (Arkansas),Valid,H5,16700,Fell,1930,16645,35.400000,-92.050000
Minamino,Valid,L,1040,Fell,1632,16692,35.078330,136.933330
Mineo,Valid,Pallasite,42,Fell,1826,16696,37.283330,14.700000
Min-Fan-Zhun,Valid,LL6,5500,Fell,1952,16697,32.333330,120.666670
Minnichhof,Valid,OC,550,Fell,1905,16700,47.700000,16.600000
Mirzapur,Valid,L5,8510,Fell,1910,16701,25.683330,83.250000
Misshof,Valid,H5,5800,Fell,1890,16703,56.666670,23.000000
Mjelleim,Valid,H,100.7,Fell,1898,16707,61.733330,5.933330
Mocs,Valid,L5-6,300000,Fell,1882,16709,46.800000,24.033330
Modoc (1905),Valid,L6,35000,Fell,1905,16711,38.500000,-101.100000
Mokoia,Valid,CV3,4500,Fell,1908,16713,-39.633330,174.400000
Molina,Valid,H5,144000,Fell,1858,16715,38.116670,-1.166670
Molteno,Valid,Howardite,150,Fell,1953,16717,-31.250000,26.466670
Monahans (1998),Valid,H5,2587,Fell,1998,16719,31.608330,-102.858330
Monroe,Valid,H4,8600,Fell,1849,16720,35.250000,-80.500000
Monte das Fortes,Valid,L5,4885,Fell,1950,16725,38.016670,-8.250000
Monte Milone,Valid,L5,3130,Fell,1846,16726,43.266670,13.350000
Montferré,Valid,H5,149000,Fell,1923,16727,43.390560,1.962500
Montlivault,Valid,L6,500,Fell,1838,16729,47.633330,1.583330
Monze,Valid,L6,,Fell,1950,16733,-15.966670,27.350000
Moore County,Valid,Eucrite-cm,1880,Fell,1913,16736,35.416670,-79.383330
Mooresfort,Valid,H5,3520,Fell,1810,16737,52.450000,-8.333330
Moorleah,Valid,L6,8887.5,Fell,1930,16738,-40.975000,145.600000
Moradabad,Valid,L6,70,Fell,1808,16740,28.783330,78.833330
Morávka,Valid,H5,633,Fell,2000,16742,49.600000,18.533330
Mornans,Valid,H5,1300,Fell,1875,16747,44.600000,5.133330
Moss,Valid,CO3.6,3763,Fell,2006,36592,59.433330,10.700000
Moti-ka-nagla,Valid,H6,1500,Fell,1868,16759,26.833330,77.333330
Motta di Conti,Valid,H4,9150,Fell,1868,16762,45.200000,8.500000
Mount Browne,Valid,H6,11300,Fell,1902,16766,-29.800000,141.700000
Mount Tazerzait,Valid,L5,110000,Fell,1991,16804,18.700000,4.800000
Mount Vaisi,Valid,Stone-uncl,17000,Fell,1637,16805,44.083330,6.866670
Mtola,Valid,Stone-uncl,1100,Fell,1944,16820,-11.500000,33.500000
Muddoor,Valid,L5,4400,Fell,1865,16841,12.633330,77.016670
Mulletiwu,Valid,L,25.5,Fell,1795,16851,9.333330,80.833330
Muraid,Valid,L6,4703,Fell,1924,16874,24.500000,90.216670
Murchison,Valid,CM2,100000,Fell,1969,16875,-36.616670,145.200000
Murray,Valid,CM2,12600,Fell,1950,16882,36.600000,-88.100000
Muzaffarpur,Valid,"Iron, IAB-sHL",1245,Fell,1964,16885,26.133330,85.533330
Myhee Caunta,Valid,OC,,Fell,1842,16887,23.050000,72.633330
Nadiabondi,Valid,H5,8165,Fell,1956,16889,12.000000,1.000000
Nagai,Valid,L6,1810,Fell,1922,16890,38.121670,140.061670
Nagaria,Valid,Eucrite-cm,20,Fell,1875,16892,26.983330,78.216670
Nagy-Borové,Valid,L5,6100,Fell,1895,16893,49.166670,19.500000
Nakhla,Valid,Martian (nakhlite),10000,Fell,1911,16898,31.316670,30.350000
Nakhon Pathom,Valid,L6,23200,Fell,1923,16899,13.733330,100.083330
Nammianthal,Valid,H5,4500,Fell,1886,16902,12.283330,79.200000
Nan Yang Pao,Valid,L6,52900,Fell,1917,16903,35.666670,103.500000
Nanjemoy,Valid,H6,7500,Fell,1825,16904,38.416670,-77.166670
Nantong,Valid,H6,529,Fell,1984,16907,32.116670,121.800000
Naoki,Valid,H6,17000,Fell,1928,16908,19.250000,77.000000
Naragh,Valid,H6,2700,Fell,1974,16909,33.750000,51.500000
Narellan,Valid,L6,367.5,Fell,1928,16912,-34.050000,150.688890
Narni,Valid,Stone-uncl,,Fell,921,16914,42.516670,12.516670
Nassirah,Valid,H4,347,Fell,1936,16922,-21.733330,165.900000
Natal,Valid,Stone-uncl,1.4,Fell,1973,16923,,
Nawapali,Valid,CM2,105,Fell,1890,16927,21.250000,83.666670
Neagari,Valid,L6,420,Fell,1995,16934,36.449170,136.465280
Nedagolla,Valid,"Iron, ungrouped",4500,Fell,1870,16935,18.683330,83.483330
Nejo,Valid,L6,2450,Fell,1970,16941,9.500000,35.333330
Nerft,Valid,L6,10250,Fell,1864,16945,56.500000,21.500000
Neuschwanstein,Valid,EL6,6189,Fell,2002,16950,47.525000,10.808330
New Concord,Valid,L6,230000,Fell,1860,16953,40.000000,-81.766670
New Halfa,Valid,L4,12000,Fell,1994,16954,15.366670,35.683330
New Orleans,Valid,H5,19256,Fell,2003,16960,29.947180,-90.109760
Ngawi,Valid,LL3.6,1393,Fell,1883,16966,-7.450000,111.416670
N'Goureyma,Valid,"Iron, ungrouped",37500,Fell,1900,16968,13.850000,-4.383330
Nicorps,Valid,Stone-uncl,,Fell,1750,16970,49.033330,-1.433330
Niger (L6),Valid,L6,3.3,Fell,1967,16974,,
Niger (LL6),Valid,LL6,3.3,Fell,1967,16975,,
Nikolaevka,Valid,H4,3996,Fell,1935,16976,52.450000,78.633330
Nikolskoe,Valid,L4,6000,Fell,1954,16977,56.116670,37.333330
Ningbo,Valid,"Iron, IVA",14250,Fell,1975,16980,29.866670,121.483330
Ningqiang,Valid,C3-ung,4610,Fell,1983,16981,32.925000,105.906670
Nio,Valid,H3-4,467,Fell,1897,16982,34.200000,131.566670
N'Kandhla,Valid,"Iron, IID",17200,Fell,1912,16983,-28.566670,30.700000
Nobleborough,Valid,Eucrite-pmict,2300,Fell,1823,16984,44.083330,-69.483330
Noblesville,Valid,H4-6,483.7,Fell,1991,16985,40.085280,-86.055000
Nogata,Valid,L6,472,Fell,861,16988,33.725000,130.750000
Nogoya,Valid,CM2,4000,Fell,1879,16989,-32.366670,-59.833330
Norfork,Valid,"Iron, IIIAB",1050,Fell,1918,16994,36.216670,-92.266670
Norton County,Valid,Aubrite,1.1e+06,Fell,1948,17922,39.683330,-99.866670
Noventa Vicentina,Valid,H4,177,Fell,1971,17930,45.291670,11.527220
Novo-Urei,Valid,Ureilite,1900,Fell,1886,17933,54.816670,46.000000
Novy-Ergi,Valid,Stone-uncl,,Fell,1662,17934,58.550000,31.333330
Novy-Projekt,Valid,OC,1001,Fell,1908,17935,56.000000,22.000000
Noyan-Bogdo,Valid,L6,250,Fell,1933,17936,42.916670,102.466670
Nuevo Mercurio,Valid,H5,50000,Fell,1978,17938,24.300000,-102.133330
Nulles,Valid,H6,5000,Fell,1851,17959,41.633330,0.750000
Numakai,Valid,H4,363,Fell,1925,17960,43.333330,141.866670
Nyaung,Valid,"Iron, IIIAB",737.6,Fell,1939,17969,21.208330,94.916670
Nyirábrany,Valid,LL5,1100,Fell,1914,17970,47.550000,22.025000
Ochansk,Valid,H4,500000,Fell,1887,17979,57.783330,55.266670
Oesede,Valid,H5,1400,Fell,1927,17988,52.283330,8.050000
Oesel,Valid,L6,6000,Fell,1855,17989,58.500000,23.000000
Ofehértó,Valid,L6,3750,Fell,1900,17990,47.883330,22.033330
Ogi,Valid,H6,14360,Fell,1741,17994,33.283330,130.200000
Ohaba,Valid,H5,16250,Fell,1857,17995,46.066670,23.583330
Ohuma,Valid,L5,7700,Fell,1963,17996,6.750000,8.500000
Ojuelos Altos,Valid,L6,5850,Fell,1926,17997,38.183330,-5.400000
Okabe,Valid,H5,194,Fell,1958,17998,36.183330,139.216670
Okano,Valid,"Iron, IIAB",4742,Fell,1904,18000,35.083330,135.200000
Okniny,Valid,LL6,12000,Fell,1834,18002,50.833330,25.500000
Oldenburg (1930),Valid,L6,16570,Fell,1930,18009,52.950000,8.166670
Oliva-Gandia,Valid,Stone-uncl,,Fell,1520,18012,39.000000,-0.033330
Olivenza,Valid,LL5,150000,Fell,1924,18013,38.716670,-7.066670
Olmedilla de Alarcón,Valid,H5,40000,Fell,1929,18015,39.566670,-2.100000
Omolon,Valid,"Pallasite, PMG",250000,Fell,1981,18019,64.020000,161.808330
Orgueil,Valid,CI1,14000,Fell,1864,18026,43.883330,1.383330
Orlando,Valid,Eucrite,180,Fell,2004,34489,28.547500,-81.362220
Ornans,Valid,CO3.4,6000,Fell,1868,18030,47.116670,6.150000
Ortenau,Valid,Stone-uncl,4500,Fell,1671,18033,48.500000,8.000000
Orvinio,Valid,H6,3400,Fell,1872,18034,42.133330,12.933330
Oterøy,Valid,L6,246,Fell,1928,18042,58.883330,9.400000
Otomi,Valid,H,6510,Fell,1867,18045,38.400000,140.350000
Ottawa,Valid,LL6,840,Fell,1896,18046,38.600000,-95.216670
Ouadangou,Valid,L5,4440,Fell,2003,56729,12.900000,0.080000
Oued el Hadjar,Valid,LL6,1215.5,Fell,1986,18050,30.180000,-6.577170
Oum Dreyga,Valid,H3-5,17000,Fell,2003,31282,24.300000,-13.100000
Ourique,Valid,H4,20000,Fell,1998,18052,37.608330,-8.280000
Ovambo,Valid,L6,121.5,Fell,1900,18055,-18.000000,16.000000
Oviedo,Valid,H5,205,Fell,1856,18058,43.400000,-5.866670
Owrucz,Valid,OC,,Fell,1775,18062,51.333330,28.833330
Pacula,Valid,L6,3400,Fell,1881,18068,21.050000,-99.300000
Padvarninkai,Valid,Eucrite-mmict,3858,Fell,1929,18069,55.666670,25.000000
Paitan,Valid,H6,515,Fell,1910,18072,17.743330,120.455830
Palahatchie,Valid,OC,,Fell,1910,18073,32.316670,-89.716670
Palca de Aparzo,Valid,L5,1430,Fell,1988,18074,-23.116670,-65.100000
Palinshih,Valid,Iron,18000,Fell,1914,18077,43.483330,118.616670
Palmyra,Valid,L3,135,Fell,1926,18079,39.800000,-91.500000
Palolo Valley,Valid,H5,682,Fell,1949,18082,21.300000,-157.783330
Pampanga,Valid,L5,10500,Fell,1859,18093,15.083330,120.700000
Pantar,Valid,H5,2130,Fell,1938,18098,8.066670,124.283330
Paragould,Valid,LL5,408000,Fell,1930,18101,36.066670,-90.500000
Parambu,Valid,LL5,2000,Fell,1967,18102,-6.233330,-40.700000
Paranaiba,Valid,L6,100000,Fell,1956,18103,-19.133330,-51.666670
Park Forest,Valid,L5,18000,Fell,2003,18106,41.484720,-87.679170
Parnallee,Valid,LL3.6,77600,Fell,1857,18108,9.233330,78.350000
Parsa,Valid,EH3,800,Fell,1942,18109,26.200000,85.400000
Pasamonte,Valid,Eucrite-pmict,5100,Fell,1933,18110,36.216670,-103.400000
Patora,Valid,H6,4375,Fell,1969,18112,20.936940,82.050000
Patrimonio,Valid,L6,2121,Fell,1950,18116,-19.533330,-48.566670
Patti,Valid,Iron,12,Fell,1922,18118,38.133330,14.966670
Patwar,Valid,Mesosiderite-A1,37350,Fell,1935,18171,23.150000,91.183330
Pavel,Valid,H5,2968,Fell,1966,18173,43.466670,25.516670
Pavlodar (stone),Valid,H5,142.5,Fell,1938,18175,52.300000,77.033330
Pavlograd,Valid,L6,40000,Fell,1826,18176,48.533330,35.983330
Pavlovka,Valid,Howardite,2000,Fell,1882,18177,52.033330,43.000000
Pê,Valid,L6,,Fell,1989,18179,11.333670,-3.542170
Peace River,Valid,L6,45760,Fell,1963,18180,56.133330,-117.933330
Peckelsheim,Valid,Diogenite-pm,117.8,Fell,1953,18181,51.666670,9.250000
Peekskill,Valid,H6,12570,Fell,1992,18782,41.283330,-73.916670
Peña Blanca Spring,Valid,Aubrite,70000,Fell,1946,18786,30.125000,-103.116670
Peramiho,Valid,Eucrite-mmict,165,Fell,1899,18792,-10.666670,35.500000
Perpeti,Valid,L6,23474,Fell,1935,18793,23.325000,91.000000
Perth,Valid,LL5,2,Fell,1830,18797,56.400000,-3.433330
Pervomaisky,Valid,L6,66000,Fell,1933,18798,56.633330,39.433330
Pesyanoe,Valid,Aubrite,3393,Fell,1933,18799,55.500000,66.083330
Pétèlkolé,Valid,H5,189,Fell,1995,18800,14.052000,0.420000
Petersburg,Valid,Eucrite-pmict,1800,Fell,1855,18801,35.300000,-86.633330
Pettiswood,Valid,Stone-uncl,,Fell,1779,18804,53.533330,-7.333330
Phillips County (stone),Valid,L6,57900,Fell,1901,18808,40.000000,-99.250000
Phu Hong,Valid,H4,500,Fell,1887,18809,11.250000,108.583330
Phum Sambo,Valid,H4,7800,Fell,1933,18811,12.000000,105.483330
Phuoc-Binh,Valid,L5,11000,Fell,1941,18812,15.716670,108.100000
Piancaldoli,Valid,LL3.4,13.1,Fell,1968,18813,44.244170,11.502220
Picote,Valid,Stone-uncl,,Fell,1843,18816,41.366670,-6.233330
Pillistfer,Valid,EL6,23250,Fell,1863,18822,58.666670,25.733330
Piplia Kalan,Valid,Eucrite-mmict,42000,Fell,1996,18831,26.034720,73.941670
Piquetberg,Valid,H,37,Fell,1881,18832,-32.866670,18.716670
Pirgunje,Valid,L6,842,Fell,1882,18834,25.800000,88.450000
Pirthalla,Valid,H6,1161,Fell,1884,18835,29.583330,76.000000
Pitts,Valid,"Iron, IAB-ung",3760,Fell,1921,18837,31.950000,-83.516670
Plantersville,Valid,H6,2085,Fell,1930,18846,30.700000,-96.116670
Pleşcoi,Valid,L5-6,6913,Fell,2008,51706,45.275000,26.709720
Ploschkovitz,Valid,L5,39,Fell,1723,18849,50.533330,14.116670
Pnompehn,Valid,L6,96,Fell,1868,18851,11.583330,104.916670
Pohlitz,Valid,L5,3000,Fell,1819,18853,50.933330,12.133330
Pokhra,Valid,H5,350,Fell,1866,18858,26.716670,82.666670
Pollen,Valid,CM2,253.6,Fell,1942,18860,66.348330,14.015000
Pontlyfni,Valid,Winonaite,157,Fell,1931,18865,53.036390,-4.319440
Portales Valley,Valid,H6,71400,Fell,1998,18874,34.175000,-103.295000
Portugal,Valid,Stone-uncl,4500,Fell,1796,18876,38.500000,-8.000000
Po-wang Chen,Valid,LL,665,Fell,1933,18879,31.416670,118.500000
Prambachkirchen,Valid,L6,2125,Fell,1932,18883,48.302500,13.940830
Pribram,Valid,H5,5555,Fell,1959,18887,49.666670,14.033330
Pricetown,Valid,L6,900,Fell,1893,18888,39.116670,-83.850000
Puerto Lápice,Valid,Eucrite-br,500,Fell,2007,45984,39.350000,-3.516670
Pulsora,Valid,H5,560,Fell,1863,18899,23.366670,75.183330
Pultusk,Valid,H5,250000,Fell,1868,18901,52.766670,21.266670
Punganaru,Valid,Stone-uncl,100,Fell,1811,18902,13.333330,78.950000
Putinga,Valid,L6,300000,Fell,1937,18905,-29.033330,-53.050000
Qidong,Valid,L/LL5,1275,Fell,1982,18907,32.083330,121.500000
Qingzhen,Valid,EH3,2600,Fell,1976,18908,26.533330,106.466670
Queen's Mercy,Valid,H6,7000,Fell,1925,22357,-30.116670,28.700000
Quenggouk,Valid,H4,6045,Fell,1857,22358,17.766670,95.183330
Quesa,Valid,"Iron, IAB-ung",10750,Fell,1898,22360,39.000000,-0.666670
Quija,Valid,H,17450,Fell,1990,22361,44.616670,126.133330
Quincay,Valid,L6,65,Fell,1851,22363,46.600000,0.250000
Raco,Valid,H5,5000,Fell,1957,22368,-26.666670,-65.450000
Raghunathpura,Valid,"Iron, IIAB",10200,Fell,1986,22371,27.725280,76.465000
Rahimyar Khan,Valid,L5,67225,Fell,1983,31302,28.225000,70.200000
Rakovka,Valid,L6,9000,Fell,1878,22376,52.983330,37.033330
Ramnagar,Valid,L6,3766,Fell,1940,22384,26.450000,82.900000
Rampurhat,Valid,LL,100,Fell,1916,22385,24.166670,87.766670
Ramsdorf,Valid,L6,4682,Fell,1958,22386,51.883330,6.933330
Ranchapur,Valid,H4,290.4,Fell,1917,22387,23.983330,87.083330
Rancho de la Presa,Valid,H5,300,Fell,1899,22390,19.866670,-100.816670
Rangala,Valid,L6,3224.5,Fell,1937,22392,25.383330,72.016670
Raoyang,Valid,L6,4910,Fell,1919,22394,38.200000,115.700000
Ras Tanura,Valid,H6,6.1,Fell,1961,22395,26.666670,50.150000
Rasgrad,Valid,Stone-uncl,24700,Fell,1740,22396,43.500000,26.533330
Ratyn,Valid,Stone-uncl,910,Fell,1880,22398,52.200000,17.983330
Red Canyon Lake,Valid,H5,18.41,Fell,2007,53502,38.137420,-119.758120
Reliegos,Valid,L5,17300,Fell,1947,22584,42.475000,-5.333330
Rembang,Valid,"Iron, IVA",10000,Fell,1919,22585,-6.733330,111.366670
Renazzo,Valid,CR2,1000,Fell,1824,22586,44.766670,11.283330
Renca,Valid,L5,300,Fell,1925,22587,-32.750000,-65.283330
Renqiu,Valid,L6,355,Fell,1916,22589,38.666670,116.133330
Repeev Khutor,Valid,"Iron, IIF",7000,Fell,1933,22590,48.600000,45.666670
Revelstoke,Valid,CI1,1,Fell,1965,22592,51.333330,-118.950000
Rewari,Valid,L6,3332,Fell,1929,22593,28.200000,76.666670
Rich Mountain,Valid,L6,668,Fell,1903,22597,35.033330,-83.033330
Richardton,Valid,H5,90000,Fell,1918,22599,46.883330,-102.316670
Richland Springs,Valid,OC,1900,Fell,1980,22602,31.250000,-99.033330
Richmond,Valid,LL5,1800,Fell,1828,22603,37.466670,-77.500000
Rio Negro,Valid,L4,1310,Fell,1934,22611,-26.100000,-49.800000
Rivolta de Bassi,Valid,Stone-uncl,103.3,Fell,1491,22614,45.483330,9.516670
Rochester,Valid,H6,340,Fell,1876,22637,41.083330,-86.283330
Rockhampton,Valid,Stone-uncl,1641,Fell,1895,22640,-23.383330,150.516670
Roda,Valid,Diogenite,400,Fell,1871,22641,42.300000,0.550000
Rodach,Valid,Stone-uncl,2900,Fell,1775,22642,50.350000,10.800000
Rose City,Valid,H5,10600,Fell,1921,22766,44.516670,-83.950000
Rowton,Valid,"Iron, IIIAB",3500,Fell,1876,22773,52.766670,-2.516670
Ruhobobo,Valid,L6,465.5,Fell,1976,22780,-1.450000,29.833330
Rumuruti,Valid,R3.8-6,67,Fell,1934,22782,0.266670,36.533330
Rupota,Valid,L4-6,6000,Fell,1949,22783,-10.266670,38.766670
Ryechki,Valid,L5,13000,Fell,1914,22791,51.133330,34.500000
Sabetmahet,Valid,H5,1250,Fell,1855,22792,27.433330,82.083330
Sabrum,Valid,LL6,478,Fell,1999,22793,23.083330,91.666670
Sagan,Valid,Stone-uncl,,Fell,1636,22796,51.533330,14.883330
Saint-Sauveur,Valid,EH5,14000,Fell,1914,23101,43.733330,1.383330
Saint-Séverin,Valid,LL6,271000,Fell,1966,23102,45.300000,0.233330
Sakauchi,Valid,Iron,4180,Fell,1913,23103,35.666670,136.300000
Salem,Valid,L6,61.4,Fell,1981,23107,44.979170,-122.969440
Salles,Valid,L5,9000,Fell,1798,23111,46.050000,4.633330
Salzwedel,Valid,LL5,43,Fell,1985,23114,52.750000,11.050000
Samelia,Valid,"Iron, IIIAB",2462,Fell,1921,23115,25.666670,74.866670
San Juan Capistrano,Valid,H6,56,Fell,1973,23128,33.484720,-117.662500
San Michele,Valid,L6,237,Fell,2002,31315,43.666670,13.000000
San Pedro de Quiles,Valid,L6,282,Fell,1956,23130,-31.016670,-71.400000
San Pedro Jacuaro,Valid,LL6,460,Fell,1968,34063,19.766670,-100.650000
Santa Barbara,Valid,L4,400,Fell,1873,23161,-29.200000,-51.866670
Santa Cruz,Valid,CM2,60,Fell,1939,23164,24.166670,-99.333330
Santa Isabel,Valid,L6,5500,Fell,1924,23165,-33.900000,-61.700000
Santa Lucia (2008),Valid,L6,4000,Fell,2008,50909,-31.535556,-68.489444
São Jose do Rio Preto,Valid,H4,927,Fell,1962,23171,-20.810000,-49.380560
Saratov,Valid,L4,200000,Fell,1918,23176,52.550000,46.550000
Sasagase,Valid,H,695,Fell,1688,23187,34.716670,137.783330
Sauguis,Valid,L6,4000,Fell,1868,23188,43.150000,-0.850000
Savtschenskoje,Valid,LL4,2500,Fell,1894,23190,47.216670,29.866670
Sayama,Valid,CM2,430,Fell,1986,23192,35.866670,139.400000
Sazovice,Valid,L5,412,Fell,1934,23455,49.233330,17.566670
Schellin,Valid,L,7000,Fell,1715,23457,53.350000,15.050000
Schenectady,Valid,H5,283.3,Fell,1968,23458,42.860830,-73.950280
Schönenberg,Valid,L6,8000,Fell,1846,23460,48.116670,10.466670
Searsmont,Valid,H5,5400,Fell,1871,23472,44.366670,-69.200000
Sediköy,Valid,L6,240,Fell,1917,23473,38.300000,27.133330
Segowlie,Valid,LL6,6930,Fell,1853,23476,26.750000,84.783330
Selakopi,Valid,H5,1590,Fell,1939,23481,-7.233330,107.333330
Seldebourak,Valid,H5,150,Fell,1947,23483,22.833330,4.983330
Semarkona,Valid,LL3.00,691,Fell,1940,23487,22.250000,79.000000
Sena,Valid,H4,4000,Fell,1773,23495,41.716670,-0.050000
Senboku,Valid,H6,866,Fell,1993,23496,39.438330,140.511670
Seoni,Valid,H6,20000,Fell,1966,23500,21.683890,79.500830
Seres,Valid,H4,8500,Fell,1818,23501,41.050000,23.566670
Serra de Magé,Valid,Eucrite-cm,1800,Fell,1923,23502,-8.383330,-36.766670
Sete Lagoas,Valid,H4,350,Fell,1908,23504,-19.466670,-44.216670
Sevilla,Valid,LL4,180,Fell,1862,23508,37.416670,-6.000000
Sevrukovo,Valid,L5,101000,Fell,1874,23509,50.616670,36.600000
Sfax,Valid,L6,7000,Fell,1989,23512,34.750000,10.716670
Shalka,Valid,Diogenite,4000,Fell,1850,23521,23.100000,87.300000
Sharps,Valid,H3.4,1265,Fell,1921,23525,37.833330,-76.700000
Shelburne,Valid,L5,18600,Fell,1904,23529,44.050000,-80.166670
Shergotty,Valid,Martian (shergottite),5000,Fell,1865,23530,24.550000,84.833330
Sheyang,Valid,L6,605,Fell,1976,23531,33.650000,120.066670
Shikarpur,Valid,L6,3679.7,Fell,1921,23534,25.850000,87.577500
Shuangyang,Valid,H5,3900,Fell,1971,23582,43.500000,125.666670
Shupiyan,Valid,H6,5000,Fell,1912,23583,33.716670,74.833330
Shytal,Valid,L6,3200,Fell,1863,23584,24.333330,90.166670
Siena,Valid,LL5,3700,Fell,1794,23586,43.116670,11.600000
Sikhote-Alin,Valid,"Iron, IIAB",2.3e+07,Fell,1947,23593,46.160000,134.653330
Silao,Valid,H5,1710,Fell,1995,23594,20.933330,-101.383330
Silistra,Valid,Achondrite-ung,0.15,Fell,1917,55584,44.116670,27.266670
Simmern,Valid,H5,1222,Fell,1920,23603,49.983330,7.533330
Sinai,Valid,L6,1455,Fell,1916,23606,30.900000,32.483330
Sindhri,Valid,H5,8400,Fell,1901,23611,26.216670,69.550000
Sinnai,Valid,H6,2000,Fell,1956,23613,39.300000,9.200000
Sioux County,Valid,Eucrite-mmict,4100,Fell,1933,23614,42.583330,-103.666670
Sitathali,Valid,H5,1600,Fell,1875,23616,20.916670,82.583330
Sivas,Valid,H6,40000,Fell,1989,23617,39.824670,36.135830
Sixiangkou,Valid,L5,630,Fell,1989,23619,32.433330,119.866670
Ski,Valid,L6,850,Fell,1848,23621,59.733330,10.866670
Slavetic,Valid,H5,1708,Fell,1868,23626,45.683330,15.600000
Slobodka,Valid,L4,2750,Fell,1818,23645,55.000000,35.000000
Soheria,Valid,OC,72.9,Fell,1960,23660,27.133330,84.066670
Soko-Banja,Valid,LL4,80000,Fell,1877,23661,43.666670,21.866670
Sologne,Valid,H5,54,Fell,1860,23663,47.366670,1.733330
Sołtmany,Valid,L6,1066,Fell,2011,53829,54.008830,22.005000
Sone,Valid,H5,17100,Fell,1866,23667,35.166670,135.333330
Songyuan,Valid,L6,36900,Fell,1993,23668,45.250000,125.000000
Sopot,Valid,OC,958,Fell,1927,23670,44.416670,23.500000
Soroti,Valid,"Iron, ungrouped",2050,Fell,1945,23671,1.700000,33.633330
St. Caprais-de-Quinsac,Valid,L6,360,Fell,1883,23081,44.750000,0.050000
St. Christophe-la-Chartreuse,Valid,L6,5500,Fell,1841,23082,46.950000,-1.500000
St. Denis Westrem,Valid,L6,700,Fell,1855,23083,51.050000,3.750000
St. Germain-du-Pinel,Valid,H6,4000,Fell,1890,23087,48.016670,-1.150000
St. Louis,Valid,H4,1000,Fell,1950,23089,38.700000,-90.233330
St. Mark's,Valid,EH5,13780,Fell,1903,23090,-32.016670,27.416670
St. Mary's County,Valid,LL3.3,24.3,Fell,1919,23091,38.166670,-76.383330
St. Mesmin,Valid,LL6,8300,Fell,1866,23092,48.450000,3.933330
St. Michel,Valid,L6,17000,Fell,1910,23093,61.650000,27.200000
St.-Chinian,Valid,L6,134.3,Fell,1959,23097,43.433330,2.950000
Ställdalen,Valid,H5,34000,Fell,1876,23712,59.933330,14.950000
Stannern,Valid,Eucrite-mmict,52000,Fell,1808,23713,49.283330,15.566670
Stavropol,Valid,L6,1500,Fell,1857,23717,45.050000,41.983330
Ste. Marguerite,Valid,H4,4960,Fell,1962,23099,50.766670,3.000000
Sterlitamak,Valid,"Iron, IIIAB",325000,Fell,1990,23724,53.666670,55.983330
Stolzenau,Valid,Stone-uncl,,Fell,1647,23726,52.533330,9.050000
Stratford,Valid,L6,50,Fell,1974,23728,41.200000,-73.133330
Strathmore,Valid,L6,13400,Fell,1917,23729,56.583330,-3.250000
Stretchleigh,Valid,Stone-uncl,10400,Fell,1623,23732,50.383330,-3.950000
St-Robert,Valid,H5,25400,Fell,1994,23733,45.968610,-72.978060
Success,Valid,L6,3500,Fell,1924,23736,36.483330,-90.666670
Suchy Dul,Valid,L6,815.3,Fell,1969,23737,50.538060,16.263330
Suizhou,Valid,L6,260000,Fell,1986,23738,31.616670,113.466670
Sulagiri,Valid,LL6,110000,Fell,2008,48951,12.666670,78.033330
Sultanpur,Valid,L/LL6,1710.5,Fell,1916,23741,25.933330,84.283330
Sungach,Valid,H5,637,Fell,1935,23745,44.866670,133.166670
Supuhee,Valid,H6,7235,Fell,1865,23760,26.716670,84.216670
Sutter's Mill,Valid,C,992.5,Fell,2012,55529,38.803890,-120.908060
Sylacauga,Valid,H4,5560,Fell,1954,23773,33.188360,-86.294500
Tabor,Valid,H5,7540,Fell,1753,23776,49.400000,14.650000
Tadjera,Valid,L5,9000,Fell,1867,23778,36.183330,5.416670
Tagish Lake,Valid,C2-ung,10000,Fell,2000,23782,59.704440,-134.201390
Tahara,Valid,H4/5,1000,Fell,1991,23784,34.720000,137.305000
Takenouchi,Valid,H5,720,Fell,1880,23789,35.383330,134.900000
Talampaya,Valid,Eucrite-cm,1421,Fell,1995,23791,,
Tambakwatu,Valid,L6,10500,Fell,1975,23795,-7.750000,112.766670
Tamdakht,Valid,H5,100000,Fell,2008,48691,31.163330,-7.015000
Tané,Valid,L5,905,Fell,1918,23801,35.433330,136.233330
Taonan,Valid,L5,3850,Fell,1965,23873,45.400000,122.900000
Tatahouine,Valid,Diogenite,12000,Fell,1931,23884,32.950000,10.416670
Tathlith,Valid,L6,2500,Fell,1967,23885,19.383330,43.733330
Tauk,Valid,L6,6000,Fell,1929,23887,35.133330,44.450000
Tauti,Valid,L6,21000,Fell,1937,23888,46.716670,23.500000
Tenham,Valid,L6,160000,Fell,1879,23897,-25.733330,142.950000
Tennasilm,Valid,L4,28500,Fell,1872,23898,58.033330,26.950000
Thal,Valid,H6,342,Fell,1950,23908,33.400000,70.600000
Thika,Valid,L6,14200,Fell,2011,54493,-1.002780,37.150280
Thuathe,Valid,H4/5,45300,Fell,2002,23976,-29.333330,27.583330
Tianzhang,Valid,H5,2232,Fell,1986,23984,32.946670,118.990000
Tieschitz,Valid,H/L3.6,28000,Fell,1878,23989,49.600000,17.116670
Tilden,Valid,L6,74800,Fell,1927,23998,38.200000,-89.683330
Tillaberi,Valid,L6,3000,Fell,1970,23999,14.250000,1.533330
Timochin,Valid,H5,65500,Fell,1807,24004,54.500000,35.200000
Tirupati,Valid,H6,230,Fell,1934,24009,13.633330,79.416670
Tissint,Valid,Martian (shergottite),7000,Fell,2011,54823,29.481950,-7.611230
Tjabe,Valid,H6,20000,Fell,1869,24011,-7.083330,111.533330
Tjerebon,Valid,L5,16500,Fell,1922,24012,-6.666670,106.583330
Tomakovka,Valid,LL6,600,Fell,1905,24019,47.850000,34.766670
Tomatlan,Valid,H6,900,Fell,1879,24020,20.166670,-105.216670
Tomita,Valid,L,600,Fell,1916,24023,34.500000,133.750000
Tomiya,Valid,H4/5,27.5,Fell,1984,24024,38.366670,140.865560
Tonk,Valid,CI1,7.7,Fell,1911,24026,24.650000,76.866670
Torino,Valid,H6,977,Fell,1988,24029,45.066670,7.666670
Torrington,Valid,H6,259.1,Fell,1944,24032,42.066670,-104.166670
Toulouse,Valid,H6,1030,Fell,1812,24036,43.600000,1.400000
Tounkin,Valid,OC,2000,Fell,1824,24037,51.733330,102.533330
Tourinnes-la-Grosse,Valid,L6,14500,Fell,1863,24038,50.783330,4.766670
Trebbin,Valid,LL6,1250,Fell,1988,24042,52.216670,13.166670
Trenzano,Valid,H3/4,11800,Fell,1856,24046,45.466670,10.000000
Treysa,Valid,"Iron, IIIAB-an",63000,Fell,1916,24050,50.916670,9.183330
Tromøy,Valid,H,357.4,Fell,1950,24053,58.473330,8.866670
Troup,Valid,L6,1020,Fell,1917,24054,32.166670,-95.100000
Trysil,Valid,L/LL6,640,Fell,1927,24057,61.300000,12.300000
Tsukuba,Valid,H5-6,800,Fell,1996,24059,36.063330,140.145000
Tuan Tuc,Valid,L6,13100,Fell,1921,24060,9.666670,105.666670
Tugalin-Bulen,Valid,H6,10000,Fell,1967,24062,45.466670,105.383330
Tulung Dzong,Valid,Stone-uncl,,Fell,1944,24071,30.000000,90.750000
Turtle Lake,Valid,L5,89.3,Fell,1996,47343,45.345830,-92.051670
Tuxtuac,Valid,LL5,30000,Fell,1975,24086,21.666670,-103.366670
Tysnes Island,Valid,H4,19860,Fell,1884,24094,60.000000,5.616670
Tyumen,Valid,Iron,750,Fell,1903,24095,57.166670,65.533330
Uberaba,Valid,H5,40000,Fell,1903,24096,-19.816670,-48.783330
Ucera,Valid,H5,4590,Fell,1970,24097,11.050000,-69.850000
Uchkuduk,Valid,L6,1000,Fell,1989,24098,41.766670,62.516670
Udaipur,Valid,H3,2000,Fell,1976,24099,,
Udei Station,Valid,"Iron, IAB-ung",103000,Fell,1927,24101,7.950000,8.083330
Uden,Valid,LL7,710,Fell,1840,24103,51.650000,5.616670
Udipi,Valid,H5,3600,Fell,1866,24104,13.483330,74.783330
Ufana,Valid,EL6,189.2,Fell,1957,24106,-4.266670,35.350000
Ulmiz,Valid,L,76.5,Fell,1926,24108,46.933330,7.216670
Umbala,Valid,LL5,100,Fell,1822,24112,30.333330,76.333330
Umm Ruaba,Valid,L5,1700,Fell,1966,24118,13.466670,31.216670
Undulung,Valid,L4,113.4,Fell,1986,24121,66.138890,124.766670
Unkoku,Valid,OC,1000,Fell,1924,24123,34.800000,127.000000
Urasaki,Valid,Stone-uncl,1500,Fell,1926,24129,34.483330,133.283330
Usti Nad Orlici,Valid,L6,1269,Fell,1963,24132,49.975000,16.375000
Utrecht,Valid,L6,9700,Fell,1843,24135,52.116670,5.183330
Utzenstorf,Valid,H5,3422,Fell,1928,24136,47.116670,7.550000
Uzcudun,Valid,L,20000,Fell,1948,24140,-44.116670,-66.150000
Vago,Valid,H6,40,Fell,1668,24143,45.416670,11.133330
Valdavur,Valid,H6,2799,Fell,1944,24144,11.983330,79.750000
Valdinizza,Valid,L6,1004,Fell,1903,24145,44.866670,9.150000
Valdinoce,Valid,Stone-uncl,,Fell,1496,24146,44.066670,12.100000
Valera,Valid,L5,50000,Fell,1972,24149,9.316670,-70.628330
Varre-Sai,Valid,L5,2500,Fell,2010,53633,-20.850010,-41.733560
Vavilovka,Valid,LL6,1932,Fell,1876,24154,46.150000,32.833330
Vengerovo,Valid,H5,10800,Fell,1950,24158,56.133330,77.266670
Veramin,Valid,Mesosiderite-B2,54000,Fell,1880,24162,35.333330,51.633330
Verkhne Tschirskaia,Valid,H5,8000,Fell,1843,24165,48.416670,43.200000
Vernon County,Valid,H6,1500,Fell,1865,24168,43.500000,-91.166670
Vetluga,Valid,Eucrite-mmict,750,Fell,1949,24169,57.800000,45.800000
Vigarano,Valid,CV3,15000,Fell,1910,24174,44.850000,11.400000
Villalbeto de la Peña,Valid,L6,3500,Fell,2004,24179,42.800000,-4.666670
Villarrica,Valid,Stone-uncl,,Fell,1925,24181,-25.833330,-56.500000
Vilna,Valid,L5,0.1,Fell,1967,24183,54.225000,-111.691670
Virba,Valid,L6,3600,Fell,1873,24185,43.533330,22.633330
Vishnupur,Valid,LL4-6,2437,Fell,1906,24187,23.100000,87.433330
Vissannapeta,Valid,Eucrite-cm,1303.8,Fell,1997,24188,16.833330,80.750000
Visuni,Valid,H6,594,Fell,1915,24189,25.450000,70.000000
Vouillé,Valid,L6,20000,Fell,1831,24191,46.633330,0.166670
Walters,Valid,L6,28100,Fell,1946,24210,34.333330,-98.300000
Warrenton,Valid,CO3.7,1600,Fell,1877,24215,38.683330,-91.150000
Washougal,Valid,Howardite,225,Fell,1939,24218,45.583330,-122.350000
Werdama,Valid,H5,4000,Fell,2006,47344,32.797320,21.787130
Wessely,Valid,H5,3750,Fell,1831,24244,48.950000,17.383330
Weston,Valid,H4,150000,Fell,1807,24249,41.266667,-73.266667
Wethersfield (1971),Valid,L6,350,Fell,1971,24250,41.700000,-72.650000
Wethersfield (1982),Valid,L6,2756,Fell,1982,24251,41.710560,-72.673610
Whetstone Mountains,Valid,H5,2138.74,Fell,2009,49514,31.961850,-110.434183
Wiluna,Valid,H5,150000,Fell,1967,24281,-26.592780,120.328330
Witklip Farm,Valid,H5,22,Fell,1918,24321,-26.000000,30.000000
Witsand Farm,Valid,LL4,66,Fell,1932,24322,-28.666670,18.916670
Wittekrantz,Valid,L5,2200,Fell,1880,24323,-32.500000,23.000000
Wolamo,Valid,OC,166.4,Fell,1964,24324,9.000000,39.000000
Wold Cottage,Valid,L6,25000,Fell,1795,24325,54.136670,-0.413330
Woolgorong,Valid,L6,36000,Fell,1960,24334,-27.750000,115.833330
Worden,Valid,L5,1551,Fell,1997,24337,42.384670,-83.611500
Wuan,Valid,H6,50000,Fell,1986,24340,36.750000,114.250000
Wuzhi,Valid,Stone-uncl,,Fell,1931,24342,35.133330,113.333330
Xi Ujimgin,Valid,L/LL6-an,5900,Fell,1980,24345,44.666670,117.500000
Xingyang,Valid,H6,75500,Fell,1977,24346,32.333330,114.316670
Yafa,Valid,H5,5700,Fell,2000,24351,13.711110,45.170000
Yambo,Valid,H5,4,Fell,1951,30345,1.000000,22.500000
Yangchiang,Valid,H5,20000,Fell,1954,30348,21.833330,111.833330
Yanzhuang,Valid,H6,3500,Fell,1990,30350,24.566670,114.166670
Yardymly,Valid,"Iron, IAB complex",150200,Fell,1959,30352,38.933330,48.250000
Yatoor,Valid,H5,13600,Fell,1852,30358,14.300000,79.766670
Yonozu,Valid,H4/5,31650,Fell,1837,30366,37.750000,139.000000
Yorktown (New York),Valid,L5,250,Fell,1869,30370,41.283330,-73.816670
Yoshiki,Valid,Stone-uncl,0.1,Fell,1928,30372,34.166670,131.450000
Yukan,Valid,LL6,4800,Fell,1931,30377,28.716670,116.616670
Yurtuk,Valid,Howardite,1472,Fell,1936,30378,47.316670,35.366670
Zaborzika,Valid,L6,3867,Fell,1818,30379,50.283330,27.683330
Zabrodje,Valid,L6,3000,Fell,1893,30380,55.183330,27.916670
Zag,Valid,H3-6,175000,Fell,1998,30384,27.333330,-9.333330
Zagami,Valid,Martian (shergottite),18000,Fell,1962,30386,11.733330,7.083330
Zaisan,Valid,H5,463,Fell,1963,30388,47.500000,83.000000
Zaisho,Valid,"Pallasite, PMG-an",330,Fell,1898,30389,33.700000,133.800000
Zaoyang,Valid,H5,14250,Fell,1984,30391,32.300000,112.750000
Zavetnoe,Valid,L6,800,Fell,1952,30395,47.133330,43.900000
Zavid,Valid,L6,95000,Fell,1897,30396,44.400000,19.116670
Zebrak,Valid,H5,2000,Fell,1824,30397,49.883330,13.916670
Zemaitkiemis,Valid,L6,44100,Fell,1933,30399,55.300000,25.000000
Zhaodong,Valid,L4,42000,Fell,1984,30404,45.816670,125.916670
Zhovtnevyi,Valid,H6,107000,Fell,1938,30407,47.583330,37.250000
Zhuanghe,Valid,H5,2900,Fell,1976,30408,39.666670,122.983330
Zmenj,Valid,Howardite,246,Fell,1858,30411,51.833330,26.833330
Zomba,Valid,L6,7500,Fell,1899,30412,-15.183330,35.283330
Zsadany,Valid,H5,552,Fell,1875,30413,46.933330,21.500000
Zvonkov,Valid,H6,2568,Fell,1955,30415,50.200000,30.250000